<?xml version="1.0" encoding="UTF-8"?>
<spirit:component xmlns:xilinx="http://www.xilinx.com"
		xmlns:spirit="http://www.spiritconsortium.org/XMLSchema/SPIRIT/1685-2009"
		xmlns:xsi="http://www.w3.org/2001/XMLSchema-instance">
	<spirit:vendor>dtysky.moe</spirit:vendor>
	<spirit:library>F-I-L</spirit:library>
	<spirit:name>Scale</spirit:name>
	<spirit:version>1.0</spirit:version>
	<spirit:model>
		<spirit:views>
			<spirit:view>
				<spirit:name>xilinx_verilogsynthesis</spirit:name>
				<spirit:displayName>Verilog Synthesis</spirit:displayName>
				<spirit:envIdentifier>verilogSource:vivado.xilinx.com:synthesis</spirit:envIdentifier>
				<spirit:language>verilog</spirit:language>
				<spirit:modelName>Scale</spirit:modelName>
				<spirit:fileSetRef>
					<spirit:localName>xilinx_verilogsynthesis_xilinx_com_ip_mult_gen_12_0__ref_view_fileset</spirit:localName>
				</spirit:fileSetRef>
				<spirit:fileSetRef>
					<spirit:localName>xilinx_verilogsynthesis_view_fileset</spirit:localName>
				</spirit:fileSetRef>
				<spirit:parameters>
					<spirit:parameter>
						<spirit:name>viewChecksum</spirit:name>
						<spirit:value>830581b4</spirit:value>
					</spirit:parameter>
				</spirit:parameters>
			</spirit:view>
			<spirit:view>
				<spirit:name>xilinx_verilogbehavioralsimulation</spirit:name>
				<spirit:displayName>Verilog Simulation</spirit:displayName>
				<spirit:envIdentifier>verilogSource:vivado.xilinx.com:simulation</spirit:envIdentifier>
				<spirit:language>verilog</spirit:language>
				<spirit:modelName>Scale</spirit:modelName>
				<spirit:fileSetRef>
					<spirit:localName>xilinx_verilogbehavioralsimulation_xilinx_com_ip_mult_gen_12_0__ref_view_fileset</spirit:localName>
				</spirit:fileSetRef>
				<spirit:fileSetRef>
					<spirit:localName>xilinx_verilogbehavioralsimulation_view_fileset</spirit:localName>
				</spirit:fileSetRef>
				<spirit:parameters>
					<spirit:parameter>
						<spirit:name>viewChecksum</spirit:name>
						<spirit:value>830581b4</spirit:value>
					</spirit:parameter>
				</spirit:parameters>
			</spirit:view>
			<spirit:view>
				<spirit:name>xilinx_verilogtestbench</spirit:name>
				<spirit:displayName>Verilog Test Bench</spirit:displayName>
				<spirit:envIdentifier>verilogSource:vivado.xilinx.com:simulation.testbench</spirit:envIdentifier>
				<spirit:language>verilog</spirit:language>
				<spirit:modelName>Scale_TB</spirit:modelName>
				<spirit:fileSetRef>
					<spirit:localName>xilinx_verilogtestbench_view_fileset</spirit:localName>
				</spirit:fileSetRef>
				<spirit:parameters>
					<spirit:parameter>
						<spirit:name>viewChecksum</spirit:name>
						<spirit:value>9e3211bb</spirit:value>
					</spirit:parameter>
				</spirit:parameters>
			</spirit:view>
			<spirit:view>
				<spirit:name>xilinx_xpgui</spirit:name>
				<spirit:displayName>UI Layout</spirit:displayName>
				<spirit:envIdentifier>:vivado.xilinx.com:xgui.ui</spirit:envIdentifier>
				<spirit:fileSetRef>
					<spirit:localName>xilinx_xpgui_view_fileset</spirit:localName>
				</spirit:fileSetRef>
				<spirit:parameters>
					<spirit:parameter>
						<spirit:name>viewChecksum</spirit:name>
						<spirit:value>9a236c28</spirit:value>
					</spirit:parameter>
				</spirit:parameters>
			</spirit:view>
			<spirit:view>
				<spirit:name>xilinx_utilityxitfiles</spirit:name>
				<spirit:displayName>Utility XIT/TTCL</spirit:displayName>
				<spirit:envIdentifier>:vivado.xilinx.com:xit.util</spirit:envIdentifier>
				<spirit:fileSetRef>
					<spirit:localName>xilinx_utilityxitfiles_view_fileset</spirit:localName>
				</spirit:fileSetRef>
				<spirit:parameters>
					<spirit:parameter>
						<spirit:name>viewChecksum</spirit:name>
						<spirit:value>6e5f0396</spirit:value>
					</spirit:parameter>
				</spirit:parameters>
			</spirit:view>
		</spirit:views>
		<spirit:ports>
			<spirit:port>
				<spirit:name>clk</spirit:name>
				<spirit:wire>
					<spirit:direction>in</spirit:direction>
					<spirit:wireTypeDefs>
						<spirit:wireTypeDef>
							<spirit:typeName>std_logic</spirit:typeName>
							<spirit:viewNameRef>xilinx_verilogsynthesis</spirit:viewNameRef>
							<spirit:viewNameRef>xilinx_verilogbehavioralsimulation</spirit:viewNameRef>
						</spirit:wireTypeDef>
					</spirit:wireTypeDefs>
				</spirit:wire>
			</spirit:port>
			<spirit:port>
				<spirit:name>rst_n</spirit:name>
				<spirit:wire>
					<spirit:direction>in</spirit:direction>
					<spirit:wireTypeDefs>
						<spirit:wireTypeDef>
							<spirit:typeName>std_logic</spirit:typeName>
							<spirit:viewNameRef>xilinx_verilogsynthesis</spirit:viewNameRef>
							<spirit:viewNameRef>xilinx_verilogbehavioralsimulation</spirit:viewNameRef>
						</spirit:wireTypeDef>
					</spirit:wireTypeDefs>
				</spirit:wire>
			</spirit:port>
			<spirit:port>
				<spirit:name>scale_x</spirit:name>
				<spirit:wire>
					<spirit:direction>in</spirit:direction>
					<spirit:vector>
						<spirit:left spirit:format="long"
								spirit:resolve="immediate">23</spirit:left>
						<spirit:right spirit:format="long"
								spirit:resolve="immediate">0</spirit:right>
					</spirit:vector>
					<spirit:wireTypeDefs>
						<spirit:wireTypeDef>
							<spirit:typeName>std_logic_vector</spirit:typeName>
							<spirit:viewNameRef>xilinx_verilogsynthesis</spirit:viewNameRef>
							<spirit:viewNameRef>xilinx_verilogbehavioralsimulation</spirit:viewNameRef>
						</spirit:wireTypeDef>
					</spirit:wireTypeDefs>
				</spirit:wire>
			</spirit:port>
			<spirit:port>
				<spirit:name>scale_y</spirit:name>
				<spirit:wire>
					<spirit:direction>in</spirit:direction>
					<spirit:vector>
						<spirit:left spirit:format="long"
								spirit:resolve="immediate">23</spirit:left>
						<spirit:right spirit:format="long"
								spirit:resolve="immediate">0</spirit:right>
					</spirit:vector>
					<spirit:wireTypeDefs>
						<spirit:wireTypeDef>
							<spirit:typeName>std_logic_vector</spirit:typeName>
							<spirit:viewNameRef>xilinx_verilogsynthesis</spirit:viewNameRef>
							<spirit:viewNameRef>xilinx_verilogbehavioralsimulation</spirit:viewNameRef>
						</spirit:wireTypeDef>
					</spirit:wireTypeDefs>
				</spirit:wire>
			</spirit:port>
			<spirit:port>
				<spirit:name>in_enable</spirit:name>
				<spirit:wire>
					<spirit:direction>in</spirit:direction>
					<spirit:wireTypeDefs>
						<spirit:wireTypeDef>
							<spirit:typeName>std_logic</spirit:typeName>
							<spirit:viewNameRef>xilinx_verilogsynthesis</spirit:viewNameRef>
							<spirit:viewNameRef>xilinx_verilogbehavioralsimulation</spirit:viewNameRef>
						</spirit:wireTypeDef>
					</spirit:wireTypeDefs>
				</spirit:wire>
			</spirit:port>
			<spirit:port>
				<spirit:name>frame_in_ready</spirit:name>
				<spirit:wire>
					<spirit:direction>in</spirit:direction>
					<spirit:wireTypeDefs>
						<spirit:wireTypeDef>
							<spirit:typeName>std_logic</spirit:typeName>
							<spirit:viewNameRef>xilinx_verilogsynthesis</spirit:viewNameRef>
							<spirit:viewNameRef>xilinx_verilogbehavioralsimulation</spirit:viewNameRef>
						</spirit:wireTypeDef>
					</spirit:wireTypeDefs>
				</spirit:wire>
			</spirit:port>
			<spirit:port>
				<spirit:name>frame_in_data</spirit:name>
				<spirit:wire>
					<spirit:direction>in</spirit:direction>
					<spirit:vector>
						<spirit:left spirit:format="long"
								spirit:resolve="dependent"
								spirit:dependency="(spirit:decode(id(&apos;MODELPARAM_VALUE.data_width&apos;)) - 1)">7</spirit:left>
						<spirit:right spirit:format="long"
								spirit:resolve="immediate">0</spirit:right>
					</spirit:vector>
					<spirit:wireTypeDefs>
						<spirit:wireTypeDef>
							<spirit:typeName>std_logic_vector</spirit:typeName>
							<spirit:viewNameRef>xilinx_verilogsynthesis</spirit:viewNameRef>
							<spirit:viewNameRef>xilinx_verilogbehavioralsimulation</spirit:viewNameRef>
						</spirit:wireTypeDef>
					</spirit:wireTypeDefs>
				</spirit:wire>
			</spirit:port>
			<spirit:port>
				<spirit:name>frame_enable</spirit:name>
				<spirit:wire>
					<spirit:direction>out</spirit:direction>
					<spirit:wireTypeDefs>
						<spirit:wireTypeDef>
							<spirit:typeName>std_logic</spirit:typeName>
							<spirit:viewNameRef>xilinx_verilogsynthesis</spirit:viewNameRef>
							<spirit:viewNameRef>xilinx_verilogbehavioralsimulation</spirit:viewNameRef>
						</spirit:wireTypeDef>
					</spirit:wireTypeDefs>
				</spirit:wire>
			</spirit:port>
			<spirit:port>
				<spirit:name>frame_out_count_x</spirit:name>
				<spirit:wire>
					<spirit:direction>out</spirit:direction>
					<spirit:vector>
						<spirit:left spirit:format="long"
								spirit:resolve="dependent"
								spirit:dependency="(spirit:decode(id(&apos;MODELPARAM_VALUE.im_width_bits&apos;)) - 1)">8</spirit:left>
						<spirit:right spirit:format="long"
								spirit:resolve="immediate">0</spirit:right>
					</spirit:vector>
					<spirit:wireTypeDefs>
						<spirit:wireTypeDef>
							<spirit:typeName>std_logic_vector</spirit:typeName>
							<spirit:viewNameRef>xilinx_verilogsynthesis</spirit:viewNameRef>
							<spirit:viewNameRef>xilinx_verilogbehavioralsimulation</spirit:viewNameRef>
						</spirit:wireTypeDef>
					</spirit:wireTypeDefs>
				</spirit:wire>
			</spirit:port>
			<spirit:port>
				<spirit:name>frame_out_count_y</spirit:name>
				<spirit:wire>
					<spirit:direction>out</spirit:direction>
					<spirit:vector>
						<spirit:left spirit:format="long"
								spirit:resolve="dependent"
								spirit:dependency="(spirit:decode(id(&apos;MODELPARAM_VALUE.im_width_bits&apos;)) - 1)">8</spirit:left>
						<spirit:right spirit:format="long"
								spirit:resolve="immediate">0</spirit:right>
					</spirit:vector>
					<spirit:wireTypeDefs>
						<spirit:wireTypeDef>
							<spirit:typeName>std_logic_vector</spirit:typeName>
							<spirit:viewNameRef>xilinx_verilogsynthesis</spirit:viewNameRef>
							<spirit:viewNameRef>xilinx_verilogbehavioralsimulation</spirit:viewNameRef>
						</spirit:wireTypeDef>
					</spirit:wireTypeDefs>
				</spirit:wire>
			</spirit:port>
			<spirit:port>
				<spirit:name>out_ready</spirit:name>
				<spirit:wire>
					<spirit:direction>out</spirit:direction>
					<spirit:wireTypeDefs>
						<spirit:wireTypeDef>
							<spirit:typeName>std_logic</spirit:typeName>
							<spirit:viewNameRef>xilinx_verilogsynthesis</spirit:viewNameRef>
							<spirit:viewNameRef>xilinx_verilogbehavioralsimulation</spirit:viewNameRef>
						</spirit:wireTypeDef>
					</spirit:wireTypeDefs>
				</spirit:wire>
			</spirit:port>
			<spirit:port>
				<spirit:name>out_data</spirit:name>
				<spirit:wire>
					<spirit:direction>out</spirit:direction>
					<spirit:vector>
						<spirit:left spirit:format="long"
								spirit:resolve="dependent"
								spirit:dependency="(spirit:decode(id(&apos;MODELPARAM_VALUE.data_width&apos;)) - 1)">7</spirit:left>
						<spirit:right spirit:format="long"
								spirit:resolve="immediate">0</spirit:right>
					</spirit:vector>
					<spirit:wireTypeDefs>
						<spirit:wireTypeDef>
							<spirit:typeName>std_logic_vector</spirit:typeName>
							<spirit:viewNameRef>xilinx_verilogsynthesis</spirit:viewNameRef>
							<spirit:viewNameRef>xilinx_verilogbehavioralsimulation</spirit:viewNameRef>
						</spirit:wireTypeDef>
					</spirit:wireTypeDefs>
				</spirit:wire>
			</spirit:port>
		</spirit:ports>
		<spirit:modelParameters>
			<spirit:modelParameter xsi:type="spirit:nameValueTypeType"
					spirit:dataType="integer">
				<spirit:name>work_mode</spirit:name>
				<spirit:displayName>Work Mode</spirit:displayName>
				<spirit:value spirit:format="long"
						spirit:resolve="generated"
						spirit:id="MODELPARAM_VALUE.work_mode">0</spirit:value>
			</spirit:modelParameter>
			<spirit:modelParameter spirit:dataType="integer">
				<spirit:name>data_width</spirit:name>
				<spirit:displayName>Data Width</spirit:displayName>
				<spirit:value spirit:format="long"
						spirit:resolve="generated"
						spirit:id="MODELPARAM_VALUE.data_width">8</spirit:value>
			</spirit:modelParameter>
			<spirit:modelParameter spirit:dataType="integer">
				<spirit:name>im_width</spirit:name>
				<spirit:displayName>Im Width</spirit:displayName>
				<spirit:value spirit:format="long"
						spirit:resolve="generated"
						spirit:id="MODELPARAM_VALUE.im_width">320</spirit:value>
			</spirit:modelParameter>
			<spirit:modelParameter spirit:dataType="integer">
				<spirit:name>im_height</spirit:name>
				<spirit:displayName>Im Height</spirit:displayName>
				<spirit:value spirit:format="long"
						spirit:resolve="generated"
						spirit:id="MODELPARAM_VALUE.im_height">240</spirit:value>
			</spirit:modelParameter>
			<spirit:modelParameter spirit:dataType="integer">
				<spirit:name>im_width_bits</spirit:name>
				<spirit:displayName>Im Width Bits</spirit:displayName>
				<spirit:value spirit:format="long"
						spirit:resolve="generated"
						spirit:id="MODELPARAM_VALUE.im_width_bits">9</spirit:value>
				<spirit:vendorExtensions>
					<xilinx:parameterInfo>
						<xilinx:enablement>
							<xilinx:isEnabled>false</xilinx:isEnabled>
						</xilinx:enablement>
					</xilinx:parameterInfo>
				</spirit:vendorExtensions>
			</spirit:modelParameter>
			<spirit:modelParameter spirit:dataType="integer">
				<spirit:name>mul_delay</spirit:name>
				<spirit:displayName>Mul Delay</spirit:displayName>
				<spirit:value spirit:format="long"
						spirit:resolve="generated"
						spirit:id="MODELPARAM_VALUE.mul_delay">3</spirit:value>
			</spirit:modelParameter>
			<spirit:modelParameter spirit:dataType="integer">
				<spirit:name>ram_RL</spirit:name>
				<spirit:displayName>Ram Rl</spirit:displayName>
				<spirit:value spirit:format="long"
						spirit:resolve="generated"
						spirit:id="MODELPARAM_VALUE.ram_RL">7</spirit:value>
			</spirit:modelParameter>
		</spirit:modelParameters>
	</spirit:model>
	<spirit:choices>
		<spirit:choice>
			<spirit:name>choices_0</spirit:name>
			<spirit:enumeration spirit:text="Pilpeline">0</spirit:enumeration>
			<spirit:enumeration spirit:text="ReqAck">1</spirit:enumeration>
		</spirit:choice>
	</spirit:choices>
	<spirit:fileSets>
		<spirit:fileSet>
			<spirit:name>xilinx_verilogsynthesis_view_fileset</spirit:name>
			<spirit:file>
				<spirit:name>sources_1/ip/Multiplier12x24SCL/Multiplier12x24SCL.xci</spirit:name>
				<spirit:userFileType>xci</spirit:userFileType>
			</spirit:file>
			<spirit:file>
				<spirit:name>sources_1/new/FixedRoundUnsigned.v</spirit:name>
				<spirit:fileType>verilogSource</spirit:fileType>
			</spirit:file>
			<spirit:file>
				<spirit:name>sources_1/new/Scale.v</spirit:name>
				<spirit:fileType>verilogSource</spirit:fileType>
				<spirit:userFileType>CHECKSUM_bada86f3</spirit:userFileType>
			</spirit:file>
		</spirit:fileSet>
		<spirit:fileSet>
			<spirit:name>xilinx_verilogsynthesis_xilinx_com_ip_mult_gen_12_0__ref_view_fileset</spirit:name>
			<spirit:vendorExtensions>
				<xilinx:subCoreRef>
					<xilinx:componentRef xilinx:vendor="xilinx.com"
							xilinx:library="ip"
							xilinx:name="mult_gen"
							xilinx:version="12.0">
						<xilinx:mode xilinx:name="create_mode"/>
					</xilinx:componentRef>
				</xilinx:subCoreRef>
			</spirit:vendorExtensions>
		</spirit:fileSet>
		<spirit:fileSet>
			<spirit:name>xilinx_verilogbehavioralsimulation_view_fileset</spirit:name>
			<spirit:file>
				<spirit:name>sources_1/ip/Multiplier12x24SCL/Multiplier12x24SCL.xci</spirit:name>
				<spirit:userFileType>xci</spirit:userFileType>
			</spirit:file>
			<spirit:file>
				<spirit:name>sources_1/new/FixedRoundUnsigned.v</spirit:name>
				<spirit:fileType>verilogSource</spirit:fileType>
			</spirit:file>
			<spirit:file>
				<spirit:name>sources_1/new/Scale.v</spirit:name>
				<spirit:fileType>verilogSource</spirit:fileType>
			</spirit:file>
		</spirit:fileSet>
		<spirit:fileSet>
			<spirit:name>xilinx_verilogbehavioralsimulation_xilinx_com_ip_mult_gen_12_0__ref_view_fileset</spirit:name>
			<spirit:vendorExtensions>
				<xilinx:subCoreRef>
					<xilinx:componentRef xilinx:vendor="xilinx.com"
							xilinx:library="ip"
							xilinx:name="mult_gen"
							xilinx:version="12.0">
						<xilinx:mode xilinx:name="create_mode"/>
					</xilinx:componentRef>
				</xilinx:subCoreRef>
			</spirit:vendorExtensions>
		</spirit:fileSet>
		<spirit:fileSet>
			<spirit:name>xilinx_verilogtestbench_view_fileset</spirit:name>
			<spirit:file>
				<spirit:name>sim_1/import/Multiplier12x12FR2_funcsim.v</spirit:name>
				<spirit:fileType>verilogSource</spirit:fileType>
			</spirit:file>
			<spirit:file>
				<spirit:name>sim_1/import/BRam8x512x512_funcsim.v</spirit:name>
				<spirit:fileType>verilogSource</spirit:fileType>
			</spirit:file>
			<spirit:file>
				<spirit:name>sim_1/import/FrameController2.v</spirit:name>
				<spirit:fileType>verilogSource</spirit:fileType>
			</spirit:file>
			<spirit:file>
				<spirit:name>sim_1/import/FrameController.v</spirit:name>
				<spirit:fileType>verilogSource</spirit:fileType>
			</spirit:file>
			<spirit:file>
				<spirit:name>sim_1/new/Scale_TB.sv</spirit:name>
				<spirit:fileType>systemVerilogSource</spirit:fileType>
			</spirit:file>
		</spirit:fileSet>
		<spirit:fileSet>
			<spirit:name>xilinx_xpgui_view_fileset</spirit:name>
			<spirit:file>
				<spirit:name>xgui/Scale_v1_0.tcl</spirit:name>
				<spirit:fileType>tclSource</spirit:fileType>
				<spirit:userFileType>XGUI_VERSION_2</spirit:userFileType>
				<spirit:userFileType>CHECKSUM_fc2d7003</spirit:userFileType>
			</spirit:file>
		</spirit:fileSet>
		<spirit:fileSet>
			<spirit:name>xilinx_utilityxitfiles_view_fileset</spirit:name>
			<spirit:file>
				<spirit:name>gui/Scale_v1_0.gtcl</spirit:name>
				<spirit:userFileType>GTCL</spirit:userFileType>
			</spirit:file>
		</spirit:fileSet>
	</spirit:fileSets>
	<spirit:description>Scale_v1_0</spirit:description>
	<spirit:parameters>
		<spirit:parameter>
			<spirit:name>work_mode</spirit:name>
			<spirit:displayName>Work Mode</spirit:displayName>
			<spirit:value spirit:format="long"
					spirit:resolve="user"
					spirit:id="PARAM_VALUE.work_mode"
					spirit:choiceRef="choices_0">0</spirit:value>
		</spirit:parameter>
		<spirit:parameter>
			<spirit:name>data_width</spirit:name>
			<spirit:displayName>Data Width</spirit:displayName>
			<spirit:value spirit:format="long"
					spirit:resolve="user"
					spirit:id="PARAM_VALUE.data_width">8</spirit:value>
		</spirit:parameter>
		<spirit:parameter>
			<spirit:name>im_width</spirit:name>
			<spirit:displayName>Im Width</spirit:displayName>
			<spirit:value spirit:format="long"
					spirit:resolve="user"
					spirit:id="PARAM_VALUE.im_width"
					spirit:minimum="1"
					spirit:maximum="4096"
					spirit:rangeType="long">320</spirit:value>
		</spirit:parameter>
		<spirit:parameter>
			<spirit:name>im_height</spirit:name>
			<spirit:displayName>Im Height</spirit:displayName>
			<spirit:value spirit:format="long"
					spirit:resolve="user"
					spirit:id="PARAM_VALUE.im_height"
					spirit:minimum="1"
					spirit:maximum="4096"
					spirit:rangeType="long">240</spirit:value>
		</spirit:parameter>
		<spirit:parameter>
			<spirit:name>im_width_bits</spirit:name>
			<spirit:displayName>Im Width Bits</spirit:displayName>
			<spirit:value spirit:format="long"
					spirit:resolve="user"
					spirit:id="PARAM_VALUE.im_width_bits">9</spirit:value>
			<spirit:vendorExtensions>
				<xilinx:parameterInfo>
					<xilinx:enablement>
						<xilinx:isEnabled>false</xilinx:isEnabled>
					</xilinx:enablement>
				</xilinx:parameterInfo>
			</spirit:vendorExtensions>
		</spirit:parameter>
		<spirit:parameter>
			<spirit:name>mul_delay</spirit:name>
			<spirit:displayName>Mul Delay</spirit:displayName>
			<spirit:value spirit:format="long"
					spirit:resolve="user"
					spirit:id="PARAM_VALUE.mul_delay"
					spirit:minimum="1"
					spirit:maximum="14"
					spirit:rangeType="long">3</spirit:value>
		</spirit:parameter>
		<spirit:parameter>
			<spirit:name>ram_RL</spirit:name>
			<spirit:displayName>Ram Rl</spirit:displayName>
			<spirit:value spirit:format="long"
					spirit:resolve="user"
					spirit:id="PARAM_VALUE.ram_RL">7</spirit:value>
		</spirit:parameter>
		<spirit:parameter>
			<spirit:name>Component_Name</spirit:name>
			<spirit:value spirit:resolve="user"
					spirit:id="PARAM_VALUE.Component_Name"
					spirit:order="1">Scale_v1_0</spirit:value>
		</spirit:parameter>
	</spirit:parameters>
	<spirit:vendorExtensions>
		<xilinx:coreExtensions>
			<xilinx:supportedFamilies>
				<xilinx:family xilinx:lifeCycle="Production">zynq</xilinx:family>
			</xilinx:supportedFamilies>
			<xilinx:taxonomies>
				<xilinx:taxonomy>/UserIP</xilinx:taxonomy>
				<xilinx:taxonomy>/Video_&amp;_Image_Processing</xilinx:taxonomy>
			</xilinx:taxonomies>
			<xilinx:displayName>Scale_v1_0</xilinx:displayName>
			<xilinx:vendorURL>http://fil.dtysky.moe</xilinx:vendorURL>
			<xilinx:coreRevision>5</xilinx:coreRevision>
			<xilinx:coreCreationDateTime>2015-05-29T07:37:07Z</xilinx:coreCreationDateTime>
			<xilinx:tags>
				<xilinx:tag xilinx:name="xilinx.com:ip:Scale:1.0_ARCHIVE_LOCATION">b:/complex_mind/fpga-imaging-library/master/geometry/scale/hdl/scale.srcs</xilinx:tag>
				<xilinx:tag xilinx:name="xilinx.com:user:Scale:1.0_ARCHIVE_LOCATION">b:/complex_mind/fpga-imaging-library/master/geometry/scale/hdl/scale.srcs</xilinx:tag>
				<xilinx:tag xilinx:name="dtysky.moe:user:Scale:1.0_ARCHIVE_LOCATION">b:/complex_mind/fpga-imaging-library/master/geometry/scale/hdl/scale.srcs</xilinx:tag>
				<xilinx:tag xilinx:name="dtysky.moe:F-I-L:Scale:1.0_ARCHIVE_LOCATION">b:/complex_mind/fpga-imaging-library/master/geometry/scale/hdl/scale.srcs</xilinx:tag>
			</xilinx:tags>
		</xilinx:coreExtensions>
		<xilinx:packagingInfo>
			<xilinx:xilinxVersion>2014.4</xilinx:xilinxVersion>
			<xilinx:checksum xilinx:scope="fileGroups"
					xilinx:value="599f034f"/>
			<xilinx:checksum xilinx:scope="ports"
					xilinx:value="07d37d89"/>
			<xilinx:checksum xilinx:scope="hdlParameters"
					xilinx:value="69474001"/>
			<xilinx:checksum xilinx:scope="parameters"
					xilinx:value="411d83c3"/>
		</xilinx:packagingInfo>
	</spirit:vendorExtensions>
</spirit:component>
