<?xml version="1.0" encoding="UTF-8"?>
<spirit:component xmlns:xilinx="http://www.xilinx.com"
		xmlns:spirit="http://www.spiritconsortium.org/XMLSchema/SPIRIT/1685-2009"
		xmlns:xsi="http://www.w3.org/2001/XMLSchema-instance">
	<spirit:vendor>dtysky.moe</spirit:vendor>
	<spirit:library>F-I-L</spirit:library>
	<spirit:name>Threshold</spirit:name>
	<spirit:version>1.0</spirit:version>
	<spirit:model>
		<spirit:views>
			<spirit:view>
				<spirit:name>xilinx_verilogsynthesis</spirit:name>
				<spirit:displayName>Verilog Synthesis</spirit:displayName>
				<spirit:envIdentifier>verilogSource:vivado.xilinx.com:synthesis</spirit:envIdentifier>
				<spirit:language>verilog</spirit:language>
				<spirit:modelName>Threshold</spirit:modelName>
				<spirit:fileSetRef>
					<spirit:localName>xilinx_verilogsynthesis_view_fileset</spirit:localName>
				</spirit:fileSetRef>
				<spirit:parameters>
					<spirit:parameter>
						<spirit:name>viewChecksum</spirit:name>
						<spirit:value>d52ad83e</spirit:value>
					</spirit:parameter>
				</spirit:parameters>
			</spirit:view>
			<spirit:view>
				<spirit:name>xilinx_verilogbehavioralsimulation</spirit:name>
				<spirit:displayName>Verilog Simulation</spirit:displayName>
				<spirit:envIdentifier>verilogSource:vivado.xilinx.com:simulation</spirit:envIdentifier>
				<spirit:language>verilog</spirit:language>
				<spirit:modelName>Threshold</spirit:modelName>
				<spirit:fileSetRef>
					<spirit:localName>xilinx_verilogbehavioralsimulation_view_fileset</spirit:localName>
				</spirit:fileSetRef>
				<spirit:parameters>
					<spirit:parameter>
						<spirit:name>viewChecksum</spirit:name>
						<spirit:value>d52ad83e</spirit:value>
					</spirit:parameter>
				</spirit:parameters>
			</spirit:view>
			<spirit:view>
				<spirit:name>xilinx_verilogtestbench</spirit:name>
				<spirit:displayName>Verilog Test Bench</spirit:displayName>
				<spirit:envIdentifier>verilogSource:vivado.xilinx.com:simulation.testbench</spirit:envIdentifier>
				<spirit:language>verilog</spirit:language>
				<spirit:modelName>Threshold_TB</spirit:modelName>
				<spirit:fileSetRef>
					<spirit:localName>xilinx_verilogtestbench_view_fileset</spirit:localName>
				</spirit:fileSetRef>
				<spirit:parameters>
					<spirit:parameter>
						<spirit:name>viewChecksum</spirit:name>
						<spirit:value>52c7fdf4</spirit:value>
					</spirit:parameter>
				</spirit:parameters>
			</spirit:view>
			<spirit:view>
				<spirit:name>xilinx_xpgui</spirit:name>
				<spirit:displayName>UI Layout</spirit:displayName>
				<spirit:envIdentifier>:vivado.xilinx.com:xgui.ui</spirit:envIdentifier>
				<spirit:fileSetRef>
					<spirit:localName>xilinx_xpgui_view_fileset</spirit:localName>
				</spirit:fileSetRef>
				<spirit:parameters>
					<spirit:parameter>
						<spirit:name>viewChecksum</spirit:name>
						<spirit:value>3f5b22c6</spirit:value>
					</spirit:parameter>
				</spirit:parameters>
			</spirit:view>
		</spirit:views>
		<spirit:ports>
			<spirit:port>
				<spirit:name>clk</spirit:name>
				<spirit:wire>
					<spirit:direction>in</spirit:direction>
					<spirit:wireTypeDefs>
						<spirit:wireTypeDef>
							<spirit:typeName>std_logic</spirit:typeName>
							<spirit:viewNameRef>xilinx_verilogsynthesis</spirit:viewNameRef>
							<spirit:viewNameRef>xilinx_verilogbehavioralsimulation</spirit:viewNameRef>
						</spirit:wireTypeDef>
					</spirit:wireTypeDefs>
				</spirit:wire>
			</spirit:port>
			<spirit:port>
				<spirit:name>rst_n</spirit:name>
				<spirit:wire>
					<spirit:direction>in</spirit:direction>
					<spirit:wireTypeDefs>
						<spirit:wireTypeDef>
							<spirit:typeName>std_logic</spirit:typeName>
							<spirit:viewNameRef>xilinx_verilogsynthesis</spirit:viewNameRef>
							<spirit:viewNameRef>xilinx_verilogbehavioralsimulation</spirit:viewNameRef>
						</spirit:wireTypeDef>
					</spirit:wireTypeDefs>
				</spirit:wire>
			</spirit:port>
			<spirit:port>
				<spirit:name>th_mode</spirit:name>
				<spirit:wire>
					<spirit:direction>in</spirit:direction>
					<spirit:wireTypeDefs>
						<spirit:wireTypeDef>
							<spirit:typeName>std_logic</spirit:typeName>
							<spirit:viewNameRef>xilinx_verilogsynthesis</spirit:viewNameRef>
							<spirit:viewNameRef>xilinx_verilogbehavioralsimulation</spirit:viewNameRef>
						</spirit:wireTypeDef>
					</spirit:wireTypeDefs>
				</spirit:wire>
			</spirit:port>
			<spirit:port>
				<spirit:name>th1</spirit:name>
				<spirit:wire>
					<spirit:direction>in</spirit:direction>
					<spirit:vector>
						<spirit:left spirit:format="long"
								spirit:resolve="dependent"
								spirit:dependency="(spirit:decode(id(&apos;MODELPARAM_VALUE.color_width&apos;)) - 1)">7</spirit:left>
						<spirit:right spirit:format="long"
								spirit:resolve="immediate">0</spirit:right>
					</spirit:vector>
					<spirit:wireTypeDefs>
						<spirit:wireTypeDef>
							<spirit:typeName>std_logic_vector</spirit:typeName>
							<spirit:viewNameRef>xilinx_verilogsynthesis</spirit:viewNameRef>
							<spirit:viewNameRef>xilinx_verilogbehavioralsimulation</spirit:viewNameRef>
						</spirit:wireTypeDef>
					</spirit:wireTypeDefs>
				</spirit:wire>
			</spirit:port>
			<spirit:port>
				<spirit:name>th2</spirit:name>
				<spirit:wire>
					<spirit:direction>in</spirit:direction>
					<spirit:vector>
						<spirit:left spirit:format="long"
								spirit:resolve="dependent"
								spirit:dependency="(spirit:decode(id(&apos;MODELPARAM_VALUE.color_width&apos;)) - 1)">7</spirit:left>
						<spirit:right spirit:format="long"
								spirit:resolve="immediate">0</spirit:right>
					</spirit:vector>
					<spirit:wireTypeDefs>
						<spirit:wireTypeDef>
							<spirit:typeName>std_logic_vector</spirit:typeName>
							<spirit:viewNameRef>xilinx_verilogsynthesis</spirit:viewNameRef>
							<spirit:viewNameRef>xilinx_verilogbehavioralsimulation</spirit:viewNameRef>
						</spirit:wireTypeDef>
					</spirit:wireTypeDefs>
				</spirit:wire>
			</spirit:port>
			<spirit:port>
				<spirit:name>in_enable</spirit:name>
				<spirit:wire>
					<spirit:direction>in</spirit:direction>
					<spirit:wireTypeDefs>
						<spirit:wireTypeDef>
							<spirit:typeName>std_logic</spirit:typeName>
							<spirit:viewNameRef>xilinx_verilogsynthesis</spirit:viewNameRef>
							<spirit:viewNameRef>xilinx_verilogbehavioralsimulation</spirit:viewNameRef>
						</spirit:wireTypeDef>
					</spirit:wireTypeDefs>
				</spirit:wire>
			</spirit:port>
			<spirit:port>
				<spirit:name>in_data</spirit:name>
				<spirit:wire>
					<spirit:direction>in</spirit:direction>
					<spirit:vector>
						<spirit:left spirit:format="long"
								spirit:resolve="dependent"
								spirit:dependency="(spirit:decode(id(&apos;MODELPARAM_VALUE.color_width&apos;)) - 1)">7</spirit:left>
						<spirit:right spirit:format="long"
								spirit:resolve="immediate">0</spirit:right>
					</spirit:vector>
					<spirit:wireTypeDefs>
						<spirit:wireTypeDef>
							<spirit:typeName>std_logic_vector</spirit:typeName>
							<spirit:viewNameRef>xilinx_verilogsynthesis</spirit:viewNameRef>
							<spirit:viewNameRef>xilinx_verilogbehavioralsimulation</spirit:viewNameRef>
						</spirit:wireTypeDef>
					</spirit:wireTypeDefs>
				</spirit:wire>
			</spirit:port>
			<spirit:port>
				<spirit:name>out_ready</spirit:name>
				<spirit:wire>
					<spirit:direction>out</spirit:direction>
					<spirit:wireTypeDefs>
						<spirit:wireTypeDef>
							<spirit:typeName>std_logic</spirit:typeName>
							<spirit:viewNameRef>xilinx_verilogsynthesis</spirit:viewNameRef>
							<spirit:viewNameRef>xilinx_verilogbehavioralsimulation</spirit:viewNameRef>
						</spirit:wireTypeDef>
					</spirit:wireTypeDefs>
				</spirit:wire>
			</spirit:port>
			<spirit:port>
				<spirit:name>out_data</spirit:name>
				<spirit:wire>
					<spirit:direction>out</spirit:direction>
					<spirit:wireTypeDefs>
						<spirit:wireTypeDef>
							<spirit:typeName>std_logic</spirit:typeName>
							<spirit:viewNameRef>xilinx_verilogsynthesis</spirit:viewNameRef>
							<spirit:viewNameRef>xilinx_verilogbehavioralsimulation</spirit:viewNameRef>
						</spirit:wireTypeDef>
					</spirit:wireTypeDefs>
				</spirit:wire>
			</spirit:port>
		</spirit:ports>
		<spirit:modelParameters>
			<spirit:modelParameter xsi:type="spirit:nameValueTypeType"
					spirit:dataType="integer">
				<spirit:name>work_mode</spirit:name>
				<spirit:displayName>Work Mode</spirit:displayName>
				<spirit:value spirit:format="long"
						spirit:resolve="generated"
						spirit:id="MODELPARAM_VALUE.work_mode">0</spirit:value>
			</spirit:modelParameter>
			<spirit:modelParameter spirit:dataType="integer">
				<spirit:name>color_width</spirit:name>
				<spirit:displayName>Color Width</spirit:displayName>
				<spirit:value spirit:format="long"
						spirit:resolve="generated"
						spirit:id="MODELPARAM_VALUE.color_width">8</spirit:value>
			</spirit:modelParameter>
		</spirit:modelParameters>
	</spirit:model>
	<spirit:choices>
		<spirit:choice>
			<spirit:name>choices_0</spirit:name>
			<spirit:enumeration spirit:text="Base">0</spirit:enumeration>
			<spirit:enumeration spirit:text="Contour">1</spirit:enumeration>
		</spirit:choice>
		<spirit:choice>
			<spirit:name>choices_1</spirit:name>
			<spirit:enumeration spirit:text="Pipeline">0</spirit:enumeration>
			<spirit:enumeration spirit:text="ReqAck">1</spirit:enumeration>
		</spirit:choice>
	</spirit:choices>
	<spirit:fileSets>
		<spirit:fileSet>
			<spirit:name>xilinx_verilogsynthesis_view_fileset</spirit:name>
			<spirit:file>
				<spirit:name>sources_1/new/Threshold.v</spirit:name>
				<spirit:fileType>verilogSource</spirit:fileType>
				<spirit:userFileType>CHECKSUM_d52ad83e</spirit:userFileType>
			</spirit:file>
		</spirit:fileSet>
		<spirit:fileSet>
			<spirit:name>xilinx_verilogbehavioralsimulation_view_fileset</spirit:name>
			<spirit:file>
				<spirit:name>sources_1/new/Threshold.v</spirit:name>
				<spirit:fileType>verilogSource</spirit:fileType>
			</spirit:file>
		</spirit:fileSet>
		<spirit:fileSet>
			<spirit:name>xilinx_verilogtestbench_view_fileset</spirit:name>
			<spirit:file>
				<spirit:name>sim_1/new/Threshold_TB.sv</spirit:name>
				<spirit:fileType>systemVerilogSource</spirit:fileType>
			</spirit:file>
		</spirit:fileSet>
		<spirit:fileSet>
			<spirit:name>xilinx_xpgui_view_fileset</spirit:name>
			<spirit:file>
				<spirit:name>xgui/Threshold_v1_0.tcl</spirit:name>
				<spirit:fileType>tclSource</spirit:fileType>
				<spirit:userFileType>XGUI_VERSION_2</spirit:userFileType>
				<spirit:userFileType>CHECKSUM_61a348ec</spirit:userFileType>
			</spirit:file>
		</spirit:fileSet>
	</spirit:fileSets>
	<spirit:description>Threshold_v1_0</spirit:description>
	<spirit:parameters>
		<spirit:parameter>
			<spirit:name>color_width</spirit:name>
			<spirit:displayName>Color Width</spirit:displayName>
			<spirit:value spirit:format="long"
					spirit:resolve="user"
					spirit:id="PARAM_VALUE.color_width">8</spirit:value>
		</spirit:parameter>
		<spirit:parameter>
			<spirit:name>Component_Name</spirit:name>
			<spirit:value spirit:resolve="user"
					spirit:id="PARAM_VALUE.Component_Name"
					spirit:order="1">Threshold_v1_0</spirit:value>
		</spirit:parameter>
		<spirit:parameter>
			<spirit:name>work_mode</spirit:name>
			<spirit:displayName>Work Mode</spirit:displayName>
			<spirit:value spirit:format="long"
					spirit:resolve="user"
					spirit:id="PARAM_VALUE.work_mode"
					spirit:choiceRef="choices_1">0</spirit:value>
		</spirit:parameter>
	</spirit:parameters>
	<spirit:vendorExtensions>
		<xilinx:coreExtensions>
			<xilinx:supportedFamilies>
				<xilinx:family xilinx:lifeCycle="Pre-Production">virtex7</xilinx:family>
				<xilinx:family xilinx:lifeCycle="Pre-Production">qvirtex7</xilinx:family>
				<xilinx:family xilinx:lifeCycle="Pre-Production">kintex7</xilinx:family>
				<xilinx:family xilinx:lifeCycle="Pre-Production">kintex7l</xilinx:family>
				<xilinx:family xilinx:lifeCycle="Pre-Production">qkintex7</xilinx:family>
				<xilinx:family xilinx:lifeCycle="Pre-Production">qkintex7l</xilinx:family>
				<xilinx:family xilinx:lifeCycle="Pre-Production">artix7</xilinx:family>
				<xilinx:family xilinx:lifeCycle="Pre-Production">artix7l</xilinx:family>
				<xilinx:family xilinx:lifeCycle="Pre-Production">aartix7</xilinx:family>
				<xilinx:family xilinx:lifeCycle="Pre-Production">qartix7</xilinx:family>
				<xilinx:family xilinx:lifeCycle="Production">zynq</xilinx:family>
				<xilinx:family xilinx:lifeCycle="Pre-Production">qzynq</xilinx:family>
				<xilinx:family xilinx:lifeCycle="Pre-Production">azynq</xilinx:family>
				<xilinx:family xilinx:lifeCycle="Pre-Production">virtexu</xilinx:family>
				<xilinx:family xilinx:lifeCycle="Pre-Production">kintexu</xilinx:family>
			</xilinx:supportedFamilies>
			<xilinx:taxonomies>
				<xilinx:taxonomy>/Video_&amp;_Image_Processing</xilinx:taxonomy>
				<xilinx:taxonomy>/UserIP</xilinx:taxonomy>
			</xilinx:taxonomies>
			<xilinx:displayName>Threshold_v1_0</xilinx:displayName>
			<xilinx:vendorURL>https://fil.dtysky.moe</xilinx:vendorURL>
			<xilinx:coreRevision>6</xilinx:coreRevision>
			<xilinx:coreCreationDateTime>2015-05-15T14:03:30Z</xilinx:coreCreationDateTime>
			<xilinx:tags>
				<xilinx:tag xilinx:name="xilinx.com:ip:Threshold:1.0_ARCHIVE_LOCATION">b:/complex_mind/xup_image/sub_module/point/threshold/hdl/threshold.srcs</xilinx:tag>
				<xilinx:tag xilinx:name="xilinx.com:user:Threshold:1.0_ARCHIVE_LOCATION">b:/complex_mind/xup_image/sub_module/point/threshold/hdl/threshold.srcs</xilinx:tag>
				<xilinx:tag xilinx:name="dtysky:user:Threshold:1.0_ARCHIVE_LOCATION">b:/complex_mind/xup_image/sub_module/point/threshold/hdl/threshold.srcs</xilinx:tag>
				<xilinx:tag xilinx:name="Dai Tianyu (dtysky):user:Threshold:1.0_ARCHIVE_LOCATION">b:/complex_mind/xup_image/sub_module/point/threshold/hdl/threshold.srcs</xilinx:tag>
				<xilinx:tag xilinx:name="Dai Tianyu (dtysky):Image:Threshold:1.0_ARCHIVE_LOCATION">b:/complex_mind/xup_image/sub_module/point/threshold/hdl/threshold.srcs</xilinx:tag>
				<xilinx:tag xilinx:name="http://dtysky.github.io/:Image:Threshold:1.0_ARCHIVE_LOCATION">b:/complex_mind/xup_image/sub_module/point/threshold/hdl/threshold.srcs</xilinx:tag>
				<xilinx:tag xilinx:name="dtysky.github.io:Image:Threshold:1.0_ARCHIVE_LOCATION">B:/Complex_Mind/FPGA-Imaging-Library/Point/Threshold/HDL</xilinx:tag>
				<xilinx:tag xilinx:name="dtysky.moe:Image:Threshold:1.0_ARCHIVE_LOCATION">B:/Complex_Mind/FPGA-Imaging-Library/Point/Threshold/HDL</xilinx:tag>
				<xilinx:tag xilinx:name="dtysky.moe:F-I-L:Threshold:1.0_ARCHIVE_LOCATION">B:/Complex_Mind/FPGA-Imaging-Library/Point/Threshold/HDL</xilinx:tag>
			</xilinx:tags>
		</xilinx:coreExtensions>
		<xilinx:packagingInfo>
			<xilinx:xilinxVersion>2014.4</xilinx:xilinxVersion>
			<xilinx:checksum xilinx:scope="fileGroups"
					xilinx:value="d598191e"/>
			<xilinx:checksum xilinx:scope="ports"
					xilinx:value="b2908e57"/>
			<xilinx:checksum xilinx:scope="hdlParameters"
					xilinx:value="c63236dc"/>
			<xilinx:checksum xilinx:scope="parameters"
					xilinx:value="ffdbe212"/>
		</xilinx:packagingInfo>
	</spirit:vendorExtensions>
</spirit:component>
