<?xml version="1.0" encoding="UTF-8"?>
<spirit:component xmlns:xilinx="http://www.xilinx.com"
		xmlns:spirit="http://www.spiritconsortium.org/XMLSchema/SPIRIT/1685-2009"
		xmlns:xsi="http://www.w3.org/2001/XMLSchema-instance">
	<spirit:vendor>dtysky.moe</spirit:vendor>
	<spirit:library>F-I-L</spirit:library>
	<spirit:name>Graying</spirit:name>
	<spirit:version>1.0</spirit:version>
	<spirit:model>
		<spirit:views>
			<spirit:view>
				<spirit:name>xilinx_verilogsynthesis</spirit:name>
				<spirit:displayName>Verilog Synthesis</spirit:displayName>
				<spirit:envIdentifier>verilogSource:vivado.xilinx.com:synthesis</spirit:envIdentifier>
				<spirit:language>verilog</spirit:language>
				<spirit:modelName>Graying</spirit:modelName>
				<spirit:fileSetRef>
					<spirit:localName>xilinx_verilogsynthesis_xilinx_com_ip_mult_gen_12_0__ref_view_fileset</spirit:localName>
				</spirit:fileSetRef>
				<spirit:fileSetRef>
					<spirit:localName>xilinx_verilogsynthesis_view_fileset</spirit:localName>
				</spirit:fileSetRef>
				<spirit:parameters>
					<spirit:parameter>
						<spirit:name>viewChecksum</spirit:name>
						<spirit:value>52a59c3e</spirit:value>
					</spirit:parameter>
				</spirit:parameters>
			</spirit:view>
			<spirit:view>
				<spirit:name>xilinx_verilogbehavioralsimulation</spirit:name>
				<spirit:displayName>Verilog Simulation</spirit:displayName>
				<spirit:envIdentifier>verilogSource:vivado.xilinx.com:simulation</spirit:envIdentifier>
				<spirit:language>verilog</spirit:language>
				<spirit:modelName>Graying</spirit:modelName>
				<spirit:fileSetRef>
					<spirit:localName>xilinx_verilogbehavioralsimulation_xilinx_com_ip_mult_gen_12_0__ref_view_fileset</spirit:localName>
				</spirit:fileSetRef>
				<spirit:fileSetRef>
					<spirit:localName>xilinx_verilogbehavioralsimulation_view_fileset</spirit:localName>
				</spirit:fileSetRef>
				<spirit:parameters>
					<spirit:parameter>
						<spirit:name>viewChecksum</spirit:name>
						<spirit:value>52a59c3e</spirit:value>
					</spirit:parameter>
				</spirit:parameters>
			</spirit:view>
			<spirit:view>
				<spirit:name>xilinx_verilogtestbench</spirit:name>
				<spirit:displayName>Verilog Test Bench</spirit:displayName>
				<spirit:envIdentifier>verilogSource:vivado.xilinx.com:simulation.testbench</spirit:envIdentifier>
				<spirit:language>verilog</spirit:language>
				<spirit:modelName>Graying_TB</spirit:modelName>
				<spirit:fileSetRef>
					<spirit:localName>xilinx_verilogtestbench_view_fileset</spirit:localName>
				</spirit:fileSetRef>
				<spirit:parameters>
					<spirit:parameter>
						<spirit:name>viewChecksum</spirit:name>
						<spirit:value>986939a8</spirit:value>
					</spirit:parameter>
				</spirit:parameters>
			</spirit:view>
			<spirit:view>
				<spirit:name>xilinx_xpgui</spirit:name>
				<spirit:displayName>UI Layout</spirit:displayName>
				<spirit:envIdentifier>:vivado.xilinx.com:xgui.ui</spirit:envIdentifier>
				<spirit:fileSetRef>
					<spirit:localName>xilinx_xpgui_view_fileset</spirit:localName>
				</spirit:fileSetRef>
				<spirit:parameters>
					<spirit:parameter>
						<spirit:name>viewChecksum</spirit:name>
						<spirit:value>02a41dd7</spirit:value>
					</spirit:parameter>
				</spirit:parameters>
			</spirit:view>
		</spirit:views>
		<spirit:ports>
			<spirit:port>
				<spirit:name>clk</spirit:name>
				<spirit:wire>
					<spirit:direction>in</spirit:direction>
					<spirit:wireTypeDefs>
						<spirit:wireTypeDef>
							<spirit:typeName>std_logic</spirit:typeName>
							<spirit:viewNameRef>xilinx_verilogsynthesis</spirit:viewNameRef>
							<spirit:viewNameRef>xilinx_verilogbehavioralsimulation</spirit:viewNameRef>
						</spirit:wireTypeDef>
					</spirit:wireTypeDefs>
				</spirit:wire>
			</spirit:port>
			<spirit:port>
				<spirit:name>rst_n</spirit:name>
				<spirit:wire>
					<spirit:direction>in</spirit:direction>
					<spirit:wireTypeDefs>
						<spirit:wireTypeDef>
							<spirit:typeName>std_logic</spirit:typeName>
							<spirit:viewNameRef>xilinx_verilogsynthesis</spirit:viewNameRef>
							<spirit:viewNameRef>xilinx_verilogbehavioralsimulation</spirit:viewNameRef>
						</spirit:wireTypeDef>
					</spirit:wireTypeDefs>
				</spirit:wire>
			</spirit:port>
			<spirit:port>
				<spirit:name>in_enable</spirit:name>
				<spirit:wire>
					<spirit:direction>in</spirit:direction>
					<spirit:wireTypeDefs>
						<spirit:wireTypeDef>
							<spirit:typeName>std_logic</spirit:typeName>
							<spirit:viewNameRef>xilinx_verilogsynthesis</spirit:viewNameRef>
							<spirit:viewNameRef>xilinx_verilogbehavioralsimulation</spirit:viewNameRef>
						</spirit:wireTypeDef>
					</spirit:wireTypeDefs>
				</spirit:wire>
			</spirit:port>
			<spirit:port>
				<spirit:name>in_data</spirit:name>
				<spirit:wire>
					<spirit:direction>in</spirit:direction>
					<spirit:vector>
						<spirit:left spirit:format="long"
								spirit:resolve="dependent"
								spirit:dependency="((3 * spirit:decode(id(&apos;MODELPARAM_VALUE.color_width&apos;))) - 1)">23</spirit:left>
						<spirit:right spirit:format="long"
								spirit:resolve="immediate">0</spirit:right>
					</spirit:vector>
					<spirit:wireTypeDefs>
						<spirit:wireTypeDef>
							<spirit:typeName>std_logic_vector</spirit:typeName>
							<spirit:viewNameRef>xilinx_verilogsynthesis</spirit:viewNameRef>
							<spirit:viewNameRef>xilinx_verilogbehavioralsimulation</spirit:viewNameRef>
						</spirit:wireTypeDef>
					</spirit:wireTypeDefs>
				</spirit:wire>
			</spirit:port>
			<spirit:port>
				<spirit:name>out_ready</spirit:name>
				<spirit:wire>
					<spirit:direction>out</spirit:direction>
					<spirit:wireTypeDefs>
						<spirit:wireTypeDef>
							<spirit:typeName>std_logic</spirit:typeName>
							<spirit:viewNameRef>xilinx_verilogsynthesis</spirit:viewNameRef>
							<spirit:viewNameRef>xilinx_verilogbehavioralsimulation</spirit:viewNameRef>
						</spirit:wireTypeDef>
					</spirit:wireTypeDefs>
				</spirit:wire>
			</spirit:port>
			<spirit:port>
				<spirit:name>out_data</spirit:name>
				<spirit:wire>
					<spirit:direction>out</spirit:direction>
					<spirit:vector>
						<spirit:left spirit:format="long"
								spirit:resolve="dependent"
								spirit:dependency="(spirit:decode(id(&apos;MODELPARAM_VALUE.color_width&apos;)) - 1)">7</spirit:left>
						<spirit:right spirit:format="long"
								spirit:resolve="immediate">0</spirit:right>
					</spirit:vector>
					<spirit:wireTypeDefs>
						<spirit:wireTypeDef>
							<spirit:typeName>std_logic_vector</spirit:typeName>
							<spirit:viewNameRef>xilinx_verilogsynthesis</spirit:viewNameRef>
							<spirit:viewNameRef>xilinx_verilogbehavioralsimulation</spirit:viewNameRef>
						</spirit:wireTypeDef>
					</spirit:wireTypeDefs>
				</spirit:wire>
			</spirit:port>
		</spirit:ports>
		<spirit:modelParameters>
			<spirit:modelParameter xsi:type="spirit:nameValueTypeType"
					spirit:dataType="integer">
				<spirit:name>work_mode</spirit:name>
				<spirit:displayName>Work Mode</spirit:displayName>
				<spirit:value spirit:format="long"
						spirit:resolve="generated"
						spirit:id="MODELPARAM_VALUE.work_mode">0</spirit:value>
			</spirit:modelParameter>
			<spirit:modelParameter spirit:dataType="integer">
				<spirit:name>color_width</spirit:name>
				<spirit:displayName>Color Width</spirit:displayName>
				<spirit:value spirit:format="long"
						spirit:resolve="generated"
						spirit:id="MODELPARAM_VALUE.color_width">8</spirit:value>
			</spirit:modelParameter>
			<spirit:modelParameter spirit:dataType="integer">
				<spirit:name>mul_delay</spirit:name>
				<spirit:displayName>Mul Delay</spirit:displayName>
				<spirit:value spirit:format="long"
						spirit:resolve="generated"
						spirit:id="MODELPARAM_VALUE.mul_delay">4</spirit:value>
			</spirit:modelParameter>
		</spirit:modelParameters>
	</spirit:model>
	<spirit:choices>
		<spirit:choice>
			<spirit:name>choices_0</spirit:name>
			<spirit:enumeration spirit:text="Pipeline">0</spirit:enumeration>
			<spirit:enumeration spirit:text="ReqAck">1</spirit:enumeration>
		</spirit:choice>
	</spirit:choices>
	<spirit:fileSets>
		<spirit:fileSet>
			<spirit:name>xilinx_verilogsynthesis_view_fileset</spirit:name>
			<spirit:file>
				<spirit:name>sources_1/ip/MultiplierBluex0d114/MultiplierBluex0d114.xci</spirit:name>
				<spirit:userFileType>xci</spirit:userFileType>
			</spirit:file>
			<spirit:file>
				<spirit:name>sources_1/ip/MultiplierGreenx0d587/MultiplierGreenx0d587.xci</spirit:name>
				<spirit:userFileType>xci</spirit:userFileType>
			</spirit:file>
			<spirit:file>
				<spirit:name>sources_1/ip/MultiplierRedx0d299/MultiplierRedx0d299.xci</spirit:name>
				<spirit:userFileType>xci</spirit:userFileType>
			</spirit:file>
			<spirit:file>
				<spirit:name>sources_1/new/Graying.v</spirit:name>
				<spirit:fileType>verilogSource</spirit:fileType>
				<spirit:userFileType>CHECKSUM_d5326185</spirit:userFileType>
			</spirit:file>
		</spirit:fileSet>
		<spirit:fileSet>
			<spirit:name>xilinx_verilogsynthesis_xilinx_com_ip_mult_gen_12_0__ref_view_fileset</spirit:name>
			<spirit:vendorExtensions>
				<xilinx:subCoreRef>
					<xilinx:componentRef xilinx:vendor="xilinx.com"
							xilinx:library="ip"
							xilinx:name="mult_gen"
							xilinx:version="12.0">
						<xilinx:mode xilinx:name="create_mode"/>
					</xilinx:componentRef>
				</xilinx:subCoreRef>
			</spirit:vendorExtensions>
		</spirit:fileSet>
		<spirit:fileSet>
			<spirit:name>xilinx_verilogbehavioralsimulation_view_fileset</spirit:name>
			<spirit:file>
				<spirit:name>sources_1/ip/MultiplierBluex0d114/MultiplierBluex0d114.xci</spirit:name>
				<spirit:userFileType>xci</spirit:userFileType>
			</spirit:file>
			<spirit:file>
				<spirit:name>sources_1/ip/MultiplierGreenx0d587/MultiplierGreenx0d587.xci</spirit:name>
				<spirit:userFileType>xci</spirit:userFileType>
			</spirit:file>
			<spirit:file>
				<spirit:name>sources_1/ip/MultiplierRedx0d299/MultiplierRedx0d299.xci</spirit:name>
				<spirit:userFileType>xci</spirit:userFileType>
			</spirit:file>
			<spirit:file>
				<spirit:name>sources_1/new/Graying.v</spirit:name>
				<spirit:fileType>verilogSource</spirit:fileType>
			</spirit:file>
		</spirit:fileSet>
		<spirit:fileSet>
			<spirit:name>xilinx_verilogbehavioralsimulation_xilinx_com_ip_mult_gen_12_0__ref_view_fileset</spirit:name>
			<spirit:vendorExtensions>
				<xilinx:subCoreRef>
					<xilinx:componentRef xilinx:vendor="xilinx.com"
							xilinx:library="ip"
							xilinx:name="mult_gen"
							xilinx:version="12.0">
						<xilinx:mode xilinx:name="create_mode"/>
					</xilinx:componentRef>
				</xilinx:subCoreRef>
			</spirit:vendorExtensions>
		</spirit:fileSet>
		<spirit:fileSet>
			<spirit:name>xilinx_verilogtestbench_view_fileset</spirit:name>
			<spirit:file>
				<spirit:name>sim_1/new/Graying_TB.sv</spirit:name>
				<spirit:fileType>systemVerilogSource</spirit:fileType>
			</spirit:file>
		</spirit:fileSet>
		<spirit:fileSet>
			<spirit:name>xilinx_xpgui_view_fileset</spirit:name>
			<spirit:file>
				<spirit:name>xgui/Graying_v1_0.tcl</spirit:name>
				<spirit:fileType>tclSource</spirit:fileType>
				<spirit:userFileType>XGUI_VERSION_2</spirit:userFileType>
				<spirit:userFileType>CHECKSUM_e87645f0</spirit:userFileType>
			</spirit:file>
		</spirit:fileSet>
	</spirit:fileSets>
	<spirit:description>Graying_v1_0</spirit:description>
	<spirit:parameters>
		<spirit:parameter>
			<spirit:name>work_mode</spirit:name>
			<spirit:displayName>Work Mode</spirit:displayName>
			<spirit:value spirit:format="long"
					spirit:resolve="user"
					spirit:id="PARAM_VALUE.work_mode"
					spirit:choiceRef="choices_0">0</spirit:value>
		</spirit:parameter>
		<spirit:parameter>
			<spirit:name>color_width</spirit:name>
			<spirit:displayName>Color Width</spirit:displayName>
			<spirit:value spirit:format="long"
					spirit:resolve="user"
					spirit:id="PARAM_VALUE.color_width"
					spirit:minimum="1"
					spirit:maximum="12"
					spirit:rangeType="long">8</spirit:value>
		</spirit:parameter>
		<spirit:parameter>
			<spirit:name>Component_Name</spirit:name>
			<spirit:value spirit:resolve="user"
					spirit:id="PARAM_VALUE.Component_Name"
					spirit:order="1">Graying_v1_0</spirit:value>
		</spirit:parameter>
		<spirit:parameter>
			<spirit:name>mul_delay</spirit:name>
			<spirit:displayName>mul_delay</spirit:displayName>
			<spirit:value spirit:format="long"
					spirit:resolve="user"
					spirit:id="PARAM_VALUE.mul_delay">4</spirit:value>
		</spirit:parameter>
	</spirit:parameters>
	<spirit:vendorExtensions>
		<xilinx:coreExtensions>
			<xilinx:supportedFamilies>
				<xilinx:family xilinx:lifeCycle="Pre-Production">virtex7</xilinx:family>
				<xilinx:family xilinx:lifeCycle="Pre-Production">qvirtex7</xilinx:family>
				<xilinx:family xilinx:lifeCycle="Pre-Production">kintex7</xilinx:family>
				<xilinx:family xilinx:lifeCycle="Pre-Production">kintex7l</xilinx:family>
				<xilinx:family xilinx:lifeCycle="Pre-Production">qkintex7</xilinx:family>
				<xilinx:family xilinx:lifeCycle="Pre-Production">qkintex7l</xilinx:family>
				<xilinx:family xilinx:lifeCycle="Production">artix7</xilinx:family>
				<xilinx:family xilinx:lifeCycle="Pre-Production">artix7l</xilinx:family>
				<xilinx:family xilinx:lifeCycle="Pre-Production">aartix7</xilinx:family>
				<xilinx:family xilinx:lifeCycle="Pre-Production">qartix7</xilinx:family>
				<xilinx:family xilinx:lifeCycle="Pre-Production">zynq</xilinx:family>
				<xilinx:family xilinx:lifeCycle="Pre-Production">qzynq</xilinx:family>
				<xilinx:family xilinx:lifeCycle="Pre-Production">azynq</xilinx:family>
				<xilinx:family xilinx:lifeCycle="Pre-Production">virtexu</xilinx:family>
				<xilinx:family xilinx:lifeCycle="Pre-Production">kintexu</xilinx:family>
			</xilinx:supportedFamilies>
			<xilinx:taxonomies>
				<xilinx:taxonomy>/Video_&amp;_Image_Processing</xilinx:taxonomy>
				<xilinx:taxonomy>/UserIP</xilinx:taxonomy>
			</xilinx:taxonomies>
			<xilinx:displayName>Graying_v1_0</xilinx:displayName>
			<xilinx:vendorURL>http://fil.dtysky.moe</xilinx:vendorURL>
			<xilinx:coreRevision>8</xilinx:coreRevision>
			<xilinx:coreCreationDateTime>2015-05-16T09:04:14Z</xilinx:coreCreationDateTime>
			<xilinx:tags>
				<xilinx:tag xilinx:name="xilinx.com:ip:Graying:1.0_ARCHIVE_LOCATION">b:/complex_mind/fpga-imaging-library/point/graying/hdl/graying.srcs</xilinx:tag>
				<xilinx:tag xilinx:name="xilinx.com:user:Graying:1.0_ARCHIVE_LOCATION">b:/complex_mind/fpga-imaging-library/point/graying/hdl/graying.srcs</xilinx:tag>
				<xilinx:tag xilinx:name="dtysky.moe:user:Graying:1.0_ARCHIVE_LOCATION">b:/complex_mind/fpga-imaging-library/point/graying/hdl/graying.srcs</xilinx:tag>
				<xilinx:tag xilinx:name="dtysky@outlool.com:F-I-L:Graying:1.0_ARCHIVE_LOCATION">b:/complex_mind/fpga-imaging-library/point/graying/hdl/graying.srcs</xilinx:tag>
				<xilinx:tag xilinx:name="dtysky.moe:F-I-L:Graying:1.0_ARCHIVE_LOCATION">b:/complex_mind/fpga-imaging-library/point/graying/hdl/graying.srcs</xilinx:tag>
			</xilinx:tags>
		</xilinx:coreExtensions>
		<xilinx:packagingInfo>
			<xilinx:xilinxVersion>2014.4</xilinx:xilinxVersion>
			<xilinx:checksum xilinx:scope="fileGroups"
					xilinx:value="1234792e"/>
			<xilinx:checksum xilinx:scope="ports"
					xilinx:value="242fdca2"/>
			<xilinx:checksum xilinx:scope="hdlParameters"
					xilinx:value="f11acf77"/>
			<xilinx:checksum xilinx:scope="parameters"
					xilinx:value="64c17388"/>
		</xilinx:packagingInfo>
	</spirit:vendorExtensions>
</spirit:component>
